no,brows,eyes,nose,lips,face,hashtag 1,hashtag 2,hashtag 3
1,long,big,big,big,square,世界仔,溝女王,是非精
2,long,big,big,big,sharp,臭脾四,貪錢怪,暖男
3,long,big,big,big,round,專家Dickson,豬隊友,是非精
4,long,big,big,small,square,觀音兵,廢青,單身狗
5,long,big,big,small,sharp,林美香,麻煩友,烚吓烚吓
6,long,big,big,small,round,好腦細,最佳損友,MK潮童
7,long,big,big,thick,square,方丈,阿Q精神,堅離地
8,long,big,big,thick,sharp,9upper,擔屎唔偷食,感情用事
9,long,big,big,thick,round,烚吓烚吓,隔夜油炸鬼,洗腳唔抹腳
10,long,big,big,thin,square,是非精,自私精,傻的嗎
11,long,big,big,thin,sharp,專家Dickson,暖男,過度活躍症
12,long,big,big,thin,round,老老竇竇,過度活躍症,飛機場
13,long,big,small,big,square,和事佬,廢青,老屎忽
14,long,big,small,big,sharp,IT狗,觀音兵,單身狗
15,long,big,small,big,round,觀音兵,風頭躉,開心果
16,long,big,small,small,square,堅離地,西口西面,小鮮肉
17,long,big,small,small,sharp,燈神LuLu,蝦條王,問題少年
18,long,big,small,small,round,厚多士,老老竇竇,二奶命
19,long,big,small,thick,square,9upper,老老竇竇,阿Q精神
20,long,big,small,thick,sharp,死乸形,正粉腸,老屎忽
21,long,big,small,thick,round,慢吞吞,擔屎唔偷食,肥毒柒
22,long,big,small,thin,square,暖男,自私精,冇吉士
23,long,big,small,thin,sharp,實力派,爽快,溝女王
24,long,big,small,thin,round,派對動物,醒目仔,貪錢怪
25,long,small,big,big,square,大器晚成,死要面,奸人堅
26,long,small,big,big,sharp,裙腳仔,方丈,驚人摩擦力
27,long,small,big,big,round,淆底獸,奸人堅,方丈
28,long,small,big,small,square,千杯不醉,識貨之人,一言九頂
29,long,small,big,small,sharp,控制狂,過度活躍症,運吉
30,long,small,big,small,round,好腦細,雷隊友,死要面
31,long,small,big,thick,square,潛水怪,專家Dickson,靠得住
32,long,small,big,thick,sharp,十問九唔應,洗腳唔抹腳,暖男
33,long,small,big,thick,round,貼地,烚吓烚吓,懶訓豬
34,long,small,big,thin,square,實力派,話頭醒尾,過度活躍症
35,long,small,big,thin,sharp,問題少年,單身狗,摺友
36,long,small,big,thin,round,厚多士,連登仔,情場玩家
37,long,small,small,big,square,開心果,純情小羔羊,怪獸家長
38,long,small,small,big,sharp,老屎忽,玻璃心,感情用事
39,long,small,small,big,round,暖男,腦筋急轉彎,我要做老闆
40,long,small,small,small,square,觀音兵,死牛一邊頸,識貨之人
41,long,small,small,small,sharp,識貨之人,慢吞吞,Hea底
42,long,small,small,small,round,燈神LuLu,重色輕友,二奶命
43,long,small,small,thick,square,情場玩家,正粉腸,怪獸家長
44,long,small,small,thick,sharp,情場玩家,懶訓豬,重色輕友
45,long,small,small,thick,round,霸氣外露,粉紅控,控制狂
46,long,small,small,thin,square,麻甩佬,情場玩家,老婆奴
47,long,small,small,thin,sharp,暖男,負能樣,方丈
48,long,small,small,thin,round,花生友,神檯貓屎,小鮮肉
49,long,long,big,big,square,蝦條王,金魚佬,霸氣外露
50,long,long,big,big,sharp,麻煩友,觀音兵,奸人堅
51,long,long,big,big,round,專家Dickson,豬隊友,奸人堅
52,long,long,big,small,square,怪獸家長,隔夜油炸鬼,IT狗
53,long,long,big,small,sharp,最佳損友,世界仔,派對動物
54,long,long,big,small,round,花生友,暖男,老婆奴
55,long,long,big,thick,square,拜金,世界仔,方丈
56,long,long,big,thick,sharp,千杯不醉,開心果,最佳損友
57,long,long,big,thick,round,IT狗,派對動物,拜金
58,long,long,big,thin,square,十問九唔應,我要做老闆,死要面
59,long,long,big,thin,sharp,永遠A0,麻甩佬,一言九頂
60,long,long,big,thin,round,一言九頂,話頭醒尾,二五仔
61,long,long,small,big,square,和事佬,死乸形,暖男
62,long,long,small,big,sharp,懶訓豬,雷隊友,Free Rider
63,long,long,small,big,round,烚吓烚吓,開心果,死乸形
64,long,long,small,small,square,雷隊友,差不多先生,Hea底
65,long,long,small,small,sharp,暖男,麻煩友,雷隊友
66,long,long,small,small,round,運吉,差不多先生,死牛一邊頸
67,long,long,small,thick,square,黑仔王,暖男,淆底獸
68,long,long,small,thick,sharp,最佳損友,肥毒柒,摺友
69,long,long,small,thick,round,厚多士,黑仔王,最佳損友
70,long,long,small,thin,square,老屎忽,麻煩友,一言九頂
71,long,long,small,thin,sharp,情場玩家,一言九頂,奸人堅
72,long,long,small,thin,round,厚多士,十問九唔應,奸人堅
73,long,short,big,big,square,金魚佬,控制狂,最佳損友
74,long,short,big,big,sharp,世界仔,最佳損友,背多分
75,long,short,big,big,round,公主癌,IT狗,控制狂
76,long,short,big,small,square,慢吞吞,怪獸家長,控制狂
77,long,short,big,small,sharp,老婆奴,控制狂,重色輕友
78,long,short,big,small,round,重色輕友,老婆奴,死要面
79,long,short,big,thick,square,傻的嗎,肥毒柒,借錢唔還
80,long,short,big,thick,sharp,千杯不醉,最佳損友,9upper
81,long,short,big,thick,round,傻的嗎,運吉,死要面
82,long,short,big,thin,square,話頭醒尾,最佳損友,愛靚唔愛命
83,long,short,big,thin,sharp,情場玩家,奸人堅,Free Rider
84,long,short,big,thin,round,我要做老闆,串過碼頭咕喱,愛靚唔愛命
85,long,short,small,big,square,我要做老闆,奸人堅,冇腰骨
86,long,short,small,big,sharp,淆底獸,麻煩友,狗眼看人低
87,long,short,small,big,round,運吉,Free Rider,好心做壞事
88,long,short,small,small,square,重色輕友,符符碌碌,二奶命
89,long,short,small,small,sharp,差不多先生,Free Rider,狗眼看人低
90,long,short,small,small,round,怪獸家長,麻煩友,老婆奴
91,long,short,small,thick,square,重色輕友,奸人堅,齋嗡唔做
92,long,short,small,thick,sharp,傻的嗎,正粉腸,燈神LuLu
93,long,short,small,thick,round,雷隊友,好心做壞事,齋嗡唔做
94,long,short,small,thin,square,十問九唔應,老屎忽,重色輕友
95,long,short,small,thin,sharp,情場玩家,重色輕友,講嘢唔用腦
96,long,short,small,thin,round,暖男,實力派,淆底獸
97,short,big,big,big,square,神檯貓屎,是非精,借錢唔還
98,short,big,big,big,sharp,自私精,狗眼看人低,借錢唔還
99,short,big,big,big,round,自私精,黑仔王,死要面
100,short,big,big,small,square,花生友,符符碌碌,講嘢唔用腦
101,short,big,big,small,sharp,拜金,IT狗,愛靚唔愛命
102,short,big,big,small,round,觀音兵,好心做壞事,派對動物
103,short,big,big,thick,square,千杯不醉,豬隊友,九唔搭八
104,short,big,big,thick,sharp,方丈,吹水唔抹嘴,搬龍門
105,short,big,big,thick,round,潛水怪,廢青,九唔搭八
106,short,big,big,thin,square,神檯貓屎,冇吉士,借錢唔還
107,short,big,big,thin,sharp,實力派,千杯不醉,講嘢唔用腦
108,short,big,big,thin,round,千杯不醉,過度活躍症,冇吉士
109,short,big,small,big,square,真心膠,重口味,講嘢唔用腦
110,short,big,small,big,sharp,真心膠,成世等人劏,以貌取人
111,short,big,small,big,round,真心膠,虧佬,盲頭烏蠅
112,short,big,small,small,square,慢吞吞,懶訓豬,苦過弟弟
113,short,big,small,small,sharp,懶訓豬,死乸形,燈神LuLu
114,short,big,small,small,round,死牛一邊頸,愛靚唔愛命,冇腳嘅雀仔
115,short,big,small,thick,square,豬隊友,九唔搭八,齋嗡唔做
116,short,big,small,thick,sharp,潛水怪,九唔搭八,二奶命
117,short,big,small,thick,round,得罪人多,IT狗,堅離地
118,short,big,small,thin,square,雷隊友,真心膠,心理變態
119,short,big,small,thin,sharp,西口西面,冇吉士,冇腳嘅雀仔
120,short,big,small,thin,round,懶訓豬,我要做老闆,冇腳嘅雀仔
121,short,small,big,big,square,小學雞,世紀賤人,孤寒鬼
122,short,small,big,big,sharp,裙腳仔,自私精,飛機場
123,short,small,big,big,round,燈神LuLu,世界仔,派對動物
124,short,small,big,small,square,小學雞,孤寒鬼,以貌取人
125,short,small,big,small,sharp,燈神LuLu,過度活躍症,孤寒鬼
126,short,small,big,small,round,成世等人劏,反應遲鈍,長舌婦
127,short,small,big,thick,square,豬隊友,麒麟怪,9upper
128,short,small,big,thick,sharp,廢青,玻璃心,驚人摩擦力
129,short,small,big,thick,round,方丈,拜金,虧佬
130,short,small,big,thin,square,玻璃心,飛機場,濕水炮仗
131,short,small,big,thin,sharp,過度活躍症,搬龍門,拜金
132,short,small,big,thin,round,話頭醒尾,二五仔,拜金
133,short,small,small,big,square,IT狗,死乸形,玻璃心
134,short,small,small,big,sharp,問題少年,玻璃心,以貌取人
135,short,small,small,big,round,金魚佬,虧佬,反應遲鈍
136,short,small,small,small,square,冇口齒,港孩,二奶命
137,short,small,small,small,sharp,問題少年,花生友,長舌婦
138,short,small,small,small,round,堅離地,Hea底,長舌婦
139,short,small,small,thick,square,正一豬揼兜,老屎忽,九唔搭八
140,short,small,small,thick,sharp,死乸形,裙腳仔,問題少年
141,short,small,small,thick,round,一碌木,摺友,小學雞
142,short,small,small,thin,square,淆底獸,老屎忽,反應遲鈍
143,short,small,small,thin,sharp,冇吉士,驚人摩擦力,以貌取人
144,short,small,small,thin,round,堅離地,裙腳仔,齋嗡唔做
145,short,long,big,big,square,堅離地,趕頭趕命,拜金
146,short,long,big,big,sharp,死要面,趕頭趕命,識你老鼠
147,short,long,big,big,round,得罪人多,好心做壞事,霎戇
148,short,long,big,small,square,慢吞吞,正Kai子,以貌取人
149,short,long,big,small,sharp,西口西面,虧佬,趕頭趕命
150,short,long,big,small,round,老虎乸,燈神LuLu,長舌婦
151,short,long,big,thick,square,豬隊友,開心果,堅離地
152,short,long,big,thick,sharp,拜金,西口西面,以貌取人
153,short,long,big,thick,round,拜金,方丈,老虎乸
154,short,long,big,thin,square,燈神LuLu,實力派,淡淡定有錢剩
155,short,long,big,thin,sharp,IT狗,搬龍門,心理變態
156,short,long,big,thin,round,蝦條王,符符碌碌,淡淡定有錢剩
157,short,long,small,big,square,我要做老闆,正Kai子,燈神LuLu
158,short,long,small,big,sharp,二五仔,麻煩友,堅離地
159,short,long,small,big,round,我要做老闆,正Kai子,心理變態
160,short,long,small,small,square,冇腰骨,麻甩佬,長舌婦
161,short,long,small,small,sharp,得罪人多,西口西面,齋嗡唔做
162,short,long,small,small,round,自私精,虧佬,長舌婦
163,short,long,small,thick,square,潛水怪,肥毒柒,盲頭烏蠅
164,short,long,small,thick,sharp,方丈,趕頭趕命,講嘢口疾疾
165,short,long,small,thick,round,燈神LuLu,裙腳仔,正Kai子
166,short,long,small,thin,square,十問九唔應,以貌取人,正Kai子
167,short,long,small,thin,sharp,蝦條王,冇吉士,盲頭烏蠅
168,short,long,small,thin,round,成世等人劏,麻甩佬,懶到出汁
169,short,short,big,big,square,拜金,符符碌碌,冇腳嘅雀仔
170,short,short,big,big,sharp,二五仔,黑仔王,冇腳嘅雀仔
171,short,short,big,big,round,IT狗,運吉,講嘢唔用腦
172,short,short,big,small,square,死要面,虧佬,長舌婦
173,short,short,big,small,sharp,公主癌,永遠A0,過度活躍症
174,short,short,big,small,round,死牛一邊頸,冇腰骨,冇腳嘅雀仔
175,short,short,big,thick,square,潛水怪,虧佬,識你老鼠
176,short,short,big,thick,sharp,派對動物,自私精,豬隊友
177,short,short,big,thick,round,得罪人多,裙腳仔,廢青
178,short,short,big,thin,square,得罪人多,拜金,世界仔
179,short,short,big,thin,sharp,專家Dickson,金魚佬,識你老鼠
180,short,short,big,thin,round,專家Dickson,話頭醒尾,IT狗
181,short,short,small,big,square,老老竇竇,裙腳仔,淆底獸
182,short,short,small,big,sharp,西口西面,金魚佬,冇腳嘅雀仔
183,short,short,small,big,round,燈神LuLu,麻煩友,濕水炮仗
184,short,short,small,small,square,專家Dickson,二奶命,淆底獸
185,short,short,small,small,sharp,二奶命,愛靚唔愛命,冇腳嘅雀仔
186,short,short,small,small,round,控制狂,自私精,冇腳嘅雀仔
187,short,short,small,thick,square,專家Dickson,潛水怪,九唔搭八
188,short,short,small,thick,sharp,得罪人多,公主癌,9upper
189,short,short,small,thick,round,厚多士,開心果,堅離地
190,short,short,small,thin,square,專家Dickson,裙腳仔,識你老鼠
191,short,short,small,thin,sharp,裙腳仔,港孩,冇腳嘅雀仔
192,short,short,small,thin,round,得罪人多,腦筋急轉彎,堅離地
193,thick,big,big,big,square,堅離地,拜金,Chok過林峰
194,thick,big,big,big,sharp,派對動物,千杯不醉,仙氣迫人
195,thick,big,big,big,round,風頭躉,蒲精,借錢唔還
196,thick,big,big,small,square,Chok過林峰,MK潮童,吽吽哣哣
197,thick,big,big,small,sharp,小鮮肉,擦鞋仔,吽吽哣哣
198,thick,big,big,small,round,過度活躍症,小鮮肉,吽吽哣哣
199,thick,big,big,thick,square,Chok過林峰,世界仔,9upper
200,thick,big,big,thick,sharp,擦鞋仔,阿Q精神,最毒婦人心
201,thick,big,big,thick,round,小鮮肉,蒲精,冇腰骨
202,thick,big,big,thin,square,老老竇竇,IT狗,小鮮肉
203,thick,big,big,thin,sharp,MK潮童,神檯貓屎,串過碼頭咕喱
204,thick,big,big,thin,round,仙氣迫人,蒲精,牙斬斬
205,thick,big,small,big,square,牆頭草,老屎忽,口水多過茶
206,thick,big,small,big,sharp,派對動物,MK潮童,口水多過茶
207,thick,big,small,big,round,黑仔王,淆底獸,心理變態
208,thick,big,small,small,square,慢吞吞,小鮮肉,苦過弟弟
209,thick,big,small,small,sharp,風頭躉,狗眼看人低,惡意賣萌
210,thick,big,small,small,round,Chok過林峰,麻煩友,無料扮四條
211,thick,big,small,thick,square,正一豬揼兜,愛靚唔愛命,正粉腸
212,thick,big,small,thick,sharp,摺友,草食男,大頭蝦
213,thick,big,small,thick,round,MK潮童,派對動物,以貌取人
214,thick,big,small,thin,square,Chok過林峰,串過碼頭咕喱,口水多過茶
215,thick,big,small,thin,sharp,死乸形,實力派,小鮮肉
216,thick,big,small,thin,round,風頭躉,MK潮童,盲頭烏蠅
217,thick,small,big,big,square,和事佬,Chok過林峰,夜蒲精
218,thick,small,big,big,sharp,二五仔,IT狗,孤寒鬼
219,thick,small,big,big,round,千杯不醉,核突佬,無料扮四條
220,thick,small,big,small,square,核突佬,麒麟怪,孤寒鬼
221,thick,small,big,small,sharp,黑仔王,小學雞,核突佬
222,thick,small,big,small,round,過度活躍症,核突佬,好心做壞事
223,thick,small,big,thick,square,金魚佬,小學雞,大頭蝦
224,thick,small,big,thick,sharp,派對動物,阿Q精神,過度活躍症
225,thick,small,big,thick,round,連登仔,核突佬,識你老鼠
226,thick,small,big,thin,square,死要面,話頭醒尾,Chok過林峰
227,thick,small,big,thin,sharp,拜金,派對動物,孤寒鬼
228,thick,small,big,thin,round,厚多士,核突佬,無料扮四條
229,thick,small,small,big,square,牆頭草,心理變態,懶到出汁
230,thick,small,small,big,sharp,永遠A0,雷隊友,反應遲鈍
231,thick,small,small,big,round,淆底獸,玻璃心,霎戇
232,thick,small,small,small,square,隔夜油炸鬼,Hea底,反應遲鈍
233,thick,small,small,small,sharp,裙腳仔,玻璃心,識貨之人
234,thick,small,small,small,round,二奶命,裙腳仔,好心做壞事
235,thick,small,small,thick,square,Chok過林峰,吹水唔抹嘴,烚吓烚吓
236,thick,small,small,thick,sharp,一碌木,問題少年,正Kai子
237,thick,small,small,thick,round,阿Q精神,癡孖根,無料扮四條
238,thick,small,small,thin,square,十問九唔應,癡孖根,懶到出汁
239,thick,small,small,thin,sharp,問題少年,麒麟怪,識少少扮代表
240,thick,small,small,thin,round,裙腳仔,核突佬,懶到出汁
241,thick,long,big,big,square,老老竇竇,Chok過林峰,以貌取人
242,thick,long,big,big,sharp,二五仔,大花筒,濕水炮仗
243,thick,long,big,big,round,派對動物,霸氣外露,Chok過林峰
244,thick,long,big,small,square,霸氣外露,大花筒,識少少扮代表
245,thick,long,big,small,sharp,Chok過林峰,大花筒,愛靚唔愛命
246,thick,long,big,small,round,麻甩佬,花生友,大花筒
247,thick,long,big,thick,square,霸氣外露,以貌取人,淡淡定有錢剩
248,thick,long,big,thick,sharp,麒麟怪,麻甩佬,識你老鼠
249,thick,long,big,thick,round,蒲精,Chok過林峰,趕頭趕命
250,thick,long,big,thin,square,串過碼頭咕喱,港孩,冇口齒
251,thick,long,big,thin,sharp,牆頭草,實力派,麻甩佬
252,thick,long,big,thin,round,霸氣外露,蝦條王,牙斬斬
253,thick,long,small,big,square,慢吞吞,負能樣,霎戇
254,thick,long,small,big,sharp,大花筒,識少少扮代表,濕水炮仗
255,thick,long,small,big,round,成世等人劏,港孩,Chok過林峰
256,thick,long,small,small,square,我要做老闆,趕頭趕命,苦過弟弟
257,thick,long,small,small,sharp,觀音兵,暖男,雷隊友
258,thick,long,small,small,round,運吉,符符碌碌,吽吽哣哣
259,thick,long,small,thick,square,一碌木,專家Dickson,Chok過林峰
260,thick,long,small,thick,sharp,肥毒柒,摺友,識你老鼠
261,thick,long,small,thick,round,冇腰骨,識你老鼠,正粉腸
262,thick,long,small,thin,square,Chok過林峰,二五仔,實力派
263,thick,long,small,thin,sharp,串過碼頭咕喱,大花筒,死要面
264,thick,long,small,thin,round,垃圾蟲,IT狗,無料扮四條
265,thick,short,big,big,square,控制狂,世界仔,和事佬
266,thick,short,big,big,sharp,公主癌,愛靚唔愛命,濕水炮仗
267,thick,short,big,big,round,蒲精,無料扮四條,正Kai子
268,thick,short,big,small,square,死牛一邊頸,吽吽哣哣,惡意賣萌
269,thick,short,big,small,sharp,死要面,符符碌碌,裙腳仔
270,thick,short,big,small,round,控制狂,公主癌,派對動物
271,thick,short,big,thick,square,千杯不醉,符符碌碌,講嘢唔用腦
272,thick,short,big,thick,sharp,烚吓烚吓,講嘢唔用腦,冇口齒
273,thick,short,big,thick,round,傻的嗎,無料扮四條,冇口齒
274,thick,short,big,thin,square,控制狂,Chok過林峰,心理變態
275,thick,short,big,thin,sharp,公主癌,齋嗡唔做,牙斬斬
276,thick,short,big,thin,round,串過碼頭咕喱,蒲精,識少少扮代表
277,thick,short,small,big,square,麒麟怪,齋嗡唔做,盲頭烏蠅
278,thick,short,small,big,sharp,控制狂,背多分,大頭蝦
279,thick,short,small,big,round,吃貨,負能樣,濕水炮仗
280,thick,short,small,small,square,麒麟怪,麻煩友,二奶命
281,thick,short,small,small,sharp,觀音兵,齋嗡唔做,識少少扮代表
282,thick,short,small,small,round,厚多士,Chok過林峰,講嘢唔用腦
283,thick,short,small,thick,square,死乸形,吹水唔抹嘴,阿Q精神
284,thick,short,small,thick,sharp,金魚佬,符符碌碌,心理變態
285,thick,short,small,thick,round,無料扮四條,吹水唔抹嘴,正粉腸
286,thick,short,small,thin,square,控制狂,腦筋急轉彎,Chok過林峰
287,thick,short,small,thin,sharp,派對動物,串過碼頭咕喱,冇口齒
288,thick,short,small,thin,round,淆底獸,齋嗡唔做,大頭蝦
289,thin,big,big,big,square,師奶殺手,觀音兵,世界仔
290,thin,big,big,big,sharp,真心膠,觀音兵,林美香
291,thin,big,big,big,round,師奶殺手,好腦細,神檯貓屎
292,thin,big,big,small,square,是非精,擦鞋仔,師奶殺手
293,thin,big,big,small,sharp,是非精,觀音兵,林美香
294,thin,big,big,small,round,垃圾蟲,好心做壞事,借錢唔還
295,thin,big,big,thick,square,神檯貓屎,愛靚唔愛命,最毒婦人心
296,thin,big,big,thick,sharp,搬龍門,借錢唔還,師奶殺手
297,thin,big,big,thick,round,成世等人劏,師奶殺手,大頭蝦
298,thin,big,big,thin,square,皮笑肉不笑,齋嗡唔做,口水多過茶
299,thin,big,big,thin,sharp,牆頭草,十問九唔應,林美香
300,thin,big,big,thin,round,神檯貓屎,愛靚唔愛命,以貌取人
301,thin,big,small,big,square,老屎忽,真心膠,口水多過茶
302,thin,big,small,big,sharp,黑仔王,真心膠,盲頭烏蠅
303,thin,big,small,big,round,皮笑肉不笑,好心做壞事,冇口齒
304,thin,big,small,small,square,擔屎唔偷食,師奶殺手,麻煩友
305,thin,big,small,small,sharp,狗眼看人低,雷隊友,講嘢唔用腦
306,thin,big,small,small,round,好腦細,麻煩友,講嘢唔用腦
307,thin,big,small,thick,square,摺友,摺友,正一豬揼兜
308,thin,big,small,thick,sharp,麒麟怪,觀音兵,大器晚成
309,thin,big,small,thick,round,麒麟怪,好心做壞事,濕水炮仗
310,thin,big,small,thin,square,負能樣,真心膠,心理變態
311,thin,big,small,thin,sharp,十問九唔應,單身狗,師奶殺手
312,thin,big,small,thin,round,觀音兵,擔屎唔偷食,口水多過茶
313,thin,small,big,big,square,林美香,師奶殺手,拜金
314,thin,small,big,big,sharp,牆頭草,港孩,冇口齒
315,thin,small,big,big,round,牆頭草,虧佬,大頭蝦
316,thin,small,big,small,square,擔屎唔偷食,靠得住,識貨之人
317,thin,small,big,small,sharp,永遠A0,驚人摩擦力,師奶殺手
318,thin,small,big,small,round,好腦細,玻璃心,烚吓烚吓
319,thin,small,big,thick,square,靠得住,愛靚唔愛命,正一豬揼兜
320,thin,small,big,thick,sharp,連登仔,師奶殺手,金魚佬
321,thin,small,big,thick,round,金魚佬,港孩,愛靚唔愛命
322,thin,small,big,thin,square,靠得住,孤寒鬼,霎戇
323,thin,small,big,thin,sharp,牆頭草,過度活躍症,搬龍門
324,thin,small,big,thin,round,小學雞,好心做壞事,正Kai子
325,thin,small,small,big,square,師奶殺手,背多分,冇口齒
326,thin,small,small,big,sharp,驚人摩擦力,觀音兵,懶到出汁
327,thin,small,small,big,round,好腦細,背多分,正Kai子
328,thin,small,small,small,square,擔屎唔偷食,懶訓豬,識貨之人
329,thin,small,small,small,sharp,死乸形,暖男,反應遲鈍
330,thin,small,small,small,round,裙腳仔,差不多先生,識貨之人
331,thin,small,small,thick,square,正一豬揼兜,吹水唔抹嘴,師奶殺手
332,thin,small,small,thick,sharp,問題少年,驚人摩擦力,連登仔
333,thin,small,small,thick,round,擔屎唔偷食,玻璃心,連登仔
334,thin,small,small,thin,square,裙腳仔,靠得住,死要面
335,thin,small,small,thin,sharp,玻璃心,飛機場,冇口齒
336,thin,small,small,thin,round,裙腳仔,符符碌碌,懶到出汁
337,thin,long,big,big,square,永遠A0,觀音兵,以貌取人
338,thin,long,big,big,sharp,識你老鼠,愛靚唔愛命,霎戇
339,thin,long,big,big,round,成世等人劏,愛靚唔愛命,正Kai子
340,thin,long,big,small,square,垃圾蟲,吽吽哣哣,拜金
341,thin,long,big,small,sharp,花生友,吽吽哣哣,觀音兵
342,thin,long,big,small,round,運吉,港孩,惡意賣萌
343,thin,long,big,thick,square,肥毒柒,重口味,以貌取人
344,thin,long,big,thick,sharp,麒麟怪,拜金,師奶殺手
345,thin,long,big,thick,round,好腦細,麻甩佬,趕頭趕命
346,thin,long,big,thin,square,師奶殺手,重口味,淡淡定有錢剩
347,thin,long,big,thin,sharp,單身狗,話頭醒尾,實力派
348,thin,long,big,thin,round,蝦條王,符符碌碌,濕水炮仗
349,thin,long,small,big,square,擔屎唔偷食,老老竇竇,淡淡定有錢剩
350,thin,long,small,big,sharp,吃貨,師奶殺手,盲頭烏蠅
351,thin,long,small,big,round,好腦細,吃貨,濕水炮仗
352,thin,long,small,small,square,擔屎唔偷食,雷隊友,苦過弟弟
353,thin,long,small,small,sharp,雷隊友,虧佬,吽吽哣哣
354,thin,long,small,small,round,厚多士,摺友,觀音兵
355,thin,long,small,thick,square,老屎忽,負能樣,大頭蝦
356,thin,long,small,thick,sharp,死乸形,觀音兵,大頭蝦
357,thin,long,small,thick,round,麻煩友,負能樣,摺友
358,thin,long,small,thin,square,擔屎唔偷食,以貌取人,盲頭烏蠅
359,thin,long,small,thin,sharp,盲頭烏蠅,肥毒柒,淡淡定有錢剩
360,thin,long,small,thin,round,師奶殺手,蝦條王,趕頭趕命
361,thin,short,big,big,square,公主癌,林美香,單身狗
362,thin,short,big,big,sharp,背多分,控制狂,心理變態
363,thin,short,big,big,round,垃圾蟲,重口味,識少少扮代表
364,thin,short,big,small,square,老老竇竇,花生友,師奶殺手
365,thin,short,big,small,sharp,千杯不醉,師奶殺手,齋嗡唔做
366,thin,short,big,small,round,觀音兵,花生友,識少少扮代表
367,thin,short,big,thick,square,垃圾蟲,過度活躍症,心理變態
368,thin,short,big,thick,sharp,派對動物,開心果,愛靚唔愛命
369,thin,short,big,thick,round,傻的嗎,肥毒柒,觀音兵
370,thin,short,big,thin,square,世界仔,控制狂,齋嗡唔做
371,thin,short,big,thin,sharp,千杯不醉,虧佬,愛靚唔愛命
372,thin,short,big,thin,round,拜金,控制狂,實力派
373,thin,short,small,big,square,吃貨,觀音兵,師奶殺手
374,thin,short,small,big,sharp,單身狗,擔屎唔偷食,講嘢唔用腦
375,thin,short,small,big,round,師奶殺手,控制狂,好心做壞事
376,thin,short,small,small,square,老老竇竇,懶訓豬,苦過弟弟
377,thin,short,small,small,sharp,暖男,永遠A0,二奶命
378,thin,short,small,small,round,公主癌,好腦細,觀音兵
379,thin,short,small,thick,square,淆底獸,師奶殺手,負能樣
380,thin,short,small,thick,sharp,麒麟怪,講嘢口疾疾,擔屎唔偷食
381,thin,short,small,thick,round,燈神LuLu,死乸形,運吉
382,thin,short,small,thin,square,公主癌,觀音兵,師奶殺手
383,thin,short,small,thin,sharp,林美香,腦筋急轉彎,燈神LuLu
384,thin,short,small,thin,round,腦筋急轉彎,觀音兵,厚多士